Provider Name | Service Category | City | Username | Password
Rajesh Chander | Home Appliance Installation | Chennai | prov_chennai_1_4559 | Pass@Che1#404
Venkatesh Sekar | Water Purifier Service | Chennai | prov_chennai_2_3472 | Pass@Che2#746
Kumaran Swamy | Microwave Repair | Chennai | prov_chennai_3_5050 | Pass@Che3#792
Prakash Ganesan | Electrician | Chennai | prov_chennai_4_3291 | Pass@Che4#570
Suresh Ram | Washing Machine Repair | Coimbatore | prov_coimbatore_1_9125 | Pass@Coi1#906
Vasant Krishnan | Plumber | Coimbatore | prov_coimbatore_2_9857 | Pass@Coi2#631
Vijay Srinivasan | Electrician | Coimbatore | prov_coimbatore_3_1121 | Pass@Coi3#884
Rajesh Murthy | General Appliance Maintenance | Coimbatore | prov_coimbatore_4_7797 | Pass@Coi4#705
Vignesh Rajan | Television Repair | Madurai | prov_madurai_1_5867 | Pass@Mad1#463
Suresh Pandian | Refrigerator Repair | Madurai | prov_madurai_2_7271 | Pass@Mad2#115
Ashok Chander | Washing Machine Repair | Madurai | prov_madurai_3_1163 | Pass@Mad3#307
Karthik Ram | Washing Machine Repair | Madurai | prov_madurai_4_2664 | Pass@Mad4#512
Bhavani Sekar | Plumber | Tiruchirappalli | prov_tiruchirappalli_1_1826 | Pass@Tir1#505
Bala Rajan | Water Purifier Service | Tiruchirappalli | prov_tiruchirappalli_2_7306 | Pass@Tir2#659
Ashok Chander | Plumber | Tiruchirappalli | prov_tiruchirappalli_3_5701 | Pass@Tir3#401
Nithya Ram | Television Repair | Tiruchirappalli | prov_tiruchirappalli_4_4864 | Pass@Tir4#603
Ramesh Ganesan | Water Purifier Service | Salem | prov_salem_1_7430 | Pass@Sal1#540
Kumaran Swamy | Microwave Repair | Salem | prov_salem_2_2678 | Pass@Sal2#862
Ajith Ganesan | Plumber | Salem | prov_salem_3_2031 | Pass@Sal3#678
Radha Srinivasan | Electrician | Salem | prov_salem_4_8647 | Pass@Sal4#660
Ravi Swamy | Washing Machine Repair | Tirunelveli | prov_tirunelveli_1_9957 | Pass@Tir1#395
Chitra Nathan | Washing Machine Repair | Tirunelveli | prov_tirunelveli_2_6057 | Pass@Tir2#198
Ramya Krishnan | Water Purifier Service | Tirunelveli | prov_tirunelveli_3_3320 | Pass@Tir3#917
Sanjay Pandian | Water Purifier Service | Tirunelveli | prov_tirunelveli_4_5429 | Pass@Tir4#982
Gopi Nathan | General Appliance Maintenance | Erode | prov_erode_1_6537 | Pass@Ero1#912
Bhavani Nathan | Home Appliance Installation | Erode | prov_erode_2_8347 | Pass@Ero2#652
Suresh Kumar | AC Technician | Erode | prov_erode_3_7905 | Pass@Ero3#294
Shalini Nathan | Plumber | Erode | prov_erode_4_5382 | Pass@Ero4#708
Sathish Swamy | General Appliance Maintenance | Vellore | prov_vellore_1_5896 | Pass@Vel1#749
Vignesh Pandian | Refrigerator Repair | Vellore | prov_vellore_2_1631 | Pass@Vel2#995
Kishore Mani | Television Repair | Vellore | prov_vellore_3_1043 | Pass@Vel3#944
Vijay Chander | Home Appliance Installation | Vellore | prov_vellore_4_9005 | Pass@Vel4#285
Chitra Rajan | AC Technician | Thanjavur | prov_thanjavur_1_3914 | Pass@Tha1#974
Vignesh Chander | Washing Machine Repair | Thanjavur | prov_thanjavur_2_8536 | Pass@Tha2#283
Venkatesh Ganesan | Home Appliance Installation | Thanjavur | prov_thanjavur_3_6698 | Pass@Tha3#283
Bhavani Swamy | Television Repair | Thanjavur | prov_thanjavur_4_6617 | Pass@Tha4#663
Mohan Krishnan | General Appliance Maintenance | Dindigul | prov_dindigul_1_1509 | Pass@Din1#514
Dinesh Nathan | Television Repair | Dindigul | prov_dindigul_2_7701 | Pass@Din2#260
Suresh Kumar | Microwave Repair | Dindigul | prov_dindigul_3_5803 | Pass@Din3#981
Anitha Kumar | Water Purifier Service | Dindigul | prov_dindigul_4_6057 | Pass@Din4#839
Nandhini Nathan | Electrician | Kanchipuram | prov_kanchipuram_1_4699 | Pass@Kan1#483
Murugan Krishnan | AC Technician | Kanchipuram | prov_kanchipuram_2_9511 | Pass@Kan2#263
Kishore Srinivasan | Refrigerator Repair | Kanchipuram | prov_kanchipuram_3_1600 | Pass@Kan3#195
Karthik Chander | Washing Machine Repair | Kanchipuram | prov_kanchipuram_4_6884 | Pass@Kan4#735
Murugan Swamy | Water Purifier Service | Karur | prov_karur_1_9203 | Pass@Kar1#589
Bala Mani | Television Repair | Karur | prov_karur_2_5620 | Pass@Kar2#399
Dhanush Raman | Washing Machine Repair | Karur | prov_karur_3_9057 | Pass@Kar3#285
Ramesh Rajan | Water Purifier Service | Karur | prov_karur_4_8777 | Pass@Kar4#959
Vijay Ram | Water Purifier Service | Namakkal | prov_namakkal_1_5324 | Pass@Nam1#408
Ravi Sekar | AC Technician | Namakkal | prov_namakkal_2_2182 | Pass@Nam2#791
Divya Pandian | Home Appliance Installation | Namakkal | prov_namakkal_3_7550 | Pass@Nam3#469
Meena Chander | Plumber | Namakkal | prov_namakkal_4_1883 | Pass@Nam4#729
Gopi Kumar | Plumber | Cuddalore | prov_cuddalore_1_9509 | Pass@Cud1#163
Revathi Nathan | Microwave Repair | Cuddalore | prov_cuddalore_2_7022 | Pass@Cud2#306
Kumaran Kumar | Television Repair | Cuddalore | prov_cuddalore_3_9731 | Pass@Cud3#496
Chitra Kumar | Water Purifier Service | Cuddalore | prov_cuddalore_4_1061 | Pass@Cud4#741
Suresh Ganesan | Washing Machine Repair | Thoothukudi | prov_thoothukudi_1_4304 | Pass@Tho1#522
Ajith Krishnan | Microwave Repair | Thoothukudi | prov_thoothukudi_2_5276 | Pass@Tho2#835
Karthik Raman | Water Purifier Service | Thoothukudi | prov_thoothukudi_3_5177 | Pass@Tho3#793
Karthik Murthy | Plumber | Thoothukudi | prov_thoothukudi_4_2650 | Pass@Tho4#640
Rajesh Ganesan | Washing Machine Repair | Virudhunagar | prov_virudhunagar_1_1798 | Pass@Vir1#847
Radha Rajan | Television Repair | Virudhunagar | prov_virudhunagar_2_7889 | Pass@Vir2#279
Ravi Ganesan | AC Technician | Virudhunagar | prov_virudhunagar_3_4290 | Pass@Vir3#367
Anitha Kumar | Washing Machine Repair | Virudhunagar | prov_virudhunagar_4_1033 | Pass@Vir4#387
Murugan Sekar | Electrician | Kanniyakumari | prov_kanniyakumari_1_5993 | Pass@Kan1#937
Radha Nathan | Electrician | Kanniyakumari | prov_kanniyakumari_2_2568 | Pass@Kan2#440
Prakash Pandian | Electrician | Kanniyakumari | prov_kanniyakumari_3_8131 | Pass@Kan3#898
Revathi Pandian | Plumber | Kanniyakumari | prov_kanniyakumari_4_9409 | Pass@Kan4#536
Sanjay Krishnan | Refrigerator Repair | Krishnagiri | prov_krishnagiri_1_2382 | Pass@Kri1#342
Kumaran Raman | General Appliance Maintenance | Krishnagiri | prov_krishnagiri_2_7621 | Pass@Kri2#683
Anand Swamy | AC Technician | Krishnagiri | prov_krishnagiri_3_5609 | Pass@Kri3#223
Nandhini Raman | Television Repair | Krishnagiri | prov_krishnagiri_4_4214 | Pass@Kri4#981
Karthik Swamy | Microwave Repair | Dharmapuri | prov_dharmapuri_1_9188 | Pass@Dha1#456
Surya Murthy | Television Repair | Dharmapuri | prov_dharmapuri_2_9994 | Pass@Dha2#201
Muthu Murthy | Washing Machine Repair | Dharmapuri | prov_dharmapuri_3_9103 | Pass@Dha3#688
Mohan Swamy | AC Technician | Dharmapuri | prov_dharmapuri_4_7571 | Pass@Dha4#740
Mohan Srinivasan | Water Purifier Service | Sivagangai | prov_sivagangai_1_4956 | Pass@Siv1#364
Siva Kumar | Microwave Repair | Sivagangai | prov_sivagangai_2_2131 | Pass@Siv2#453
Gopi Krishnan | Microwave Repair | Sivagangai | prov_sivagangai_3_2183 | Pass@Siv3#226
Kishore Chander | Refrigerator Repair | Sivagangai | prov_sivagangai_4_8668 | Pass@Siv4#814
Rajesh Nathan | Home Appliance Installation | Ramanathapuram | prov_ramanathapuram_1_1485 | Pass@Ram1#822
Suresh Nathan | AC Technician | Ramanathapuram | prov_ramanathapuram_2_8898 | Pass@Ram2#598
Rajesh Ram | Water Purifier Service | Ramanathapuram | prov_ramanathapuram_3_8590 | Pass@Ram3#136
Arun Raman | Refrigerator Repair | Ramanathapuram | prov_ramanathapuram_4_9895 | Pass@Ram4#578
Revathi Ram | Plumber | Ariyalur | prov_ariyalur_1_4065 | Pass@Ari1#621
Muthu Nathan | Refrigerator Repair | Ariyalur | prov_ariyalur_2_7464 | Pass@Ari2#506
Radha Kumar | Electrician | Ariyalur | prov_ariyalur_3_2574 | Pass@Ari3#544
Radha Murthy | AC Technician | Ariyalur | prov_ariyalur_4_7599 | Pass@Ari4#523
Dinesh Nathan | Refrigerator Repair | Perambalur | prov_perambalur_1_8025 | Pass@Per1#541
Lakshmi Raman | Water Purifier Service | Perambalur | prov_perambalur_2_3875 | Pass@Per2#596
Kishore Murthy | Microwave Repair | Perambalur | prov_perambalur_3_4389 | Pass@Per3#482
Nithya Srinivasan | General Appliance Maintenance | Perambalur | prov_perambalur_4_9216 | Pass@Per4#579
Ravi Raj | Electrician | Tenkasi | prov_tenkasi_1_3744 | Pass@Ten1#285
Prakash Murthy | Microwave Repair | Tenkasi | prov_tenkasi_2_3366 | Pass@Ten2#245
Manikandan Raman | General Appliance Maintenance | Tenkasi | prov_tenkasi_3_2386 | Pass@Ten3#892
Murugan Chander | Refrigerator Repair | Tenkasi | prov_tenkasi_4_8424 | Pass@Ten4#646
Revathi Sekar | Television Repair | Nilgiris | prov_nilgiris_1_6792 | Pass@Nil1#314
Ajith Ganesan | Plumber | Nilgiris | prov_nilgiris_2_7793 | Pass@Nil2#521
Sanjay Srinivasan | AC Technician | Nilgiris | prov_nilgiris_3_5765 | Pass@Nil3#707
Bhavani Mani | Plumber | Nilgiris | prov_nilgiris_4_9468 | Pass@Nil4#566
Vijay Rajan | Plumber | Tiruppur | prov_tiruppur_1_8362 | Pass@Tir1#327
Chitra Nathan | AC Technician | Tiruppur | prov_tiruppur_2_1643 | Pass@Tir2#950
Gayathri Ganesan | Television Repair | Tiruppur | prov_tiruppur_3_5709 | Pass@Tir3#938
Nithya Raj | Home Appliance Installation | Tiruppur | prov_tiruppur_4_1731 | Pass@Tir4#305
Meena Chander | AC Technician | Mayiladuthurai | prov_mayiladuthurai_1_5541 | Pass@May1#343
Meena Sekar | General Appliance Maintenance | Mayiladuthurai | prov_mayiladuthurai_2_8548 | Pass@May2#813
Mohan Swamy | AC Technician | Mayiladuthurai | prov_mayiladuthurai_3_1576 | Pass@May3#753
Sathish Murthy | AC Technician | Mayiladuthurai | prov_mayiladuthurai_4_5546 | Pass@May4#633
Anitha Sekar | Plumber | Ranipet | prov_ranipet_1_4222 | Pass@Ran1#871
Priya Nathan | Washing Machine Repair | Ranipet | prov_ranipet_2_1347 | Pass@Ran2#769
Venkatesh Chander | Water Purifier Service | Ranipet | prov_ranipet_3_1950 | Pass@Ran3#651
Revathi Krishnan | Television Repair | Ranipet | prov_ranipet_4_1936 | Pass@Ran4#541
Rajesh Mani | Home Appliance Installation | Tirupathur | prov_tirupathur_1_9731 | Pass@Tir1#494
Suresh Swamy | Television Repair | Tirupathur | prov_tirupathur_2_6266 | Pass@Tir2#821
Divya Pandian | Washing Machine Repair | Tirupathur | prov_tirupathur_3_4320 | Pass@Tir3#401
Gayathri Krishnan | General Appliance Maintenance | Tirupathur | prov_tirupathur_4_7949 | Pass@Tir4#535
Murugan Pandian | Water Purifier Service | Chengalpattu | prov_chengalpattu_1_8459 | Pass@Che1#859
Meena Rajan | Plumber | Chengalpattu | prov_chengalpattu_2_2962 | Pass@Che2#599
Geetha Pandian | Television Repair | Chengalpattu | prov_chengalpattu_3_8867 | Pass@Che3#551
Geetha Rajan | Washing Machine Repair | Chengalpattu | prov_chengalpattu_4_2204 | Pass@Che4#722
Murugan Ganesan | General Appliance Maintenance | Kallakurichi | prov_kallakurichi_1_1568 | Pass@Kal1#545
Dhanush Swamy | Television Repair | Kallakurichi | prov_kallakurichi_2_8772 | Pass@Kal2#224
Priya Rajan | Plumber | Kallakurichi | prov_kallakurichi_3_7541 | Pass@Kal3#488
Kumaran Nathan | Water Purifier Service | Kallakurichi | prov_kallakurichi_4_2627 | Pass@Kal4#377
Suresh Mani | Microwave Repair | Nagapattinam | prov_nagapattinam_1_2450 | Pass@Nag1#848
Venkatesh Kumar | Water Purifier Service | Nagapattinam | prov_nagapattinam_2_9138 | Pass@Nag2#141
Revathi Chander | Home Appliance Installation | Nagapattinam | prov_nagapattinam_3_4490 | Pass@Nag3#272
Ajith Murthy | General Appliance Maintenance | Nagapattinam | prov_nagapattinam_4_4490 | Pass@Nag4#749
Divya Raj | Home Appliance Installation | Pudukottai | prov_pudukottai_1_3620 | Pass@Pud1#144
Anand Raman | General Appliance Maintenance | Pudukottai | prov_pudukottai_2_2034 | Pass@Pud2#897
Gayathri Krishnan | Plumber | Pudukottai | prov_pudukottai_3_8247 | Pass@Pud3#118
Lakshmi Nathan | Electrician | Pudukottai | prov_pudukottai_4_1936 | Pass@Pud4#895
Anand Mani | Microwave Repair | Villupuram | prov_villupuram_1_1600 | Pass@Vil1#148
Karthik Nathan | Water Purifier Service | Villupuram | prov_villupuram_2_4471 | Pass@Vil2#817
Shalini Murthy | Television Repair | Villupuram | prov_villupuram_3_4208 | Pass@Vil3#759
Kumaran Swamy | Washing Machine Repair | Villupuram | prov_villupuram_4_9396 | Pass@Vil4#365
Dinesh Srinivasan | Plumber | Thiruvarur | prov_thiruvarur_1_8190 | Pass@Thi1#556
Lakshmi Pandian | Home Appliance Installation | Thiruvarur | prov_thiruvarur_2_1639 | Pass@Thi2#670
Ravi Krishnan | Microwave Repair | Thiruvarur | prov_thiruvarur_3_1755 | Pass@Thi3#892
Muthu Pandian | Home Appliance Installation | Thiruvarur | prov_thiruvarur_4_8305 | Pass@Thi4#208
